Scan Number,Temperature,Reaction Time,,Scale Factor,Mass,Volume,Lp,OccY1,OccY2,OccO,Y$_2$O$_3$,,AFFY,AFFO,,fY1,fY2,fO,,f*Y1,f*Y2,f*O
1,24.9,0,,,,,,,,,,,38.79339633,8.00213,,,,,,,,
2,24.9,0.333333333,,,,,,,,,,,MultY,MultO,,,,,,,,
3,25.2,0.666666667,,,,,,,,,,,8,48,,0,0,100.4612,,,,
4,27.3,1,,,,,,,,,,,24,,,,,,,,,
5,30.7,1.333333333,,,,,,,,,,,,,,,,,,,,
6,34.4,1.666666667,,,,,,,,,,,,,,,,,,,,
7,39,2,,,,,,,,,,,,,,,,,,,,
8,43.2,2.333333333,,,,,,,,,,,,,Y2O3,310.3471707,931.041512,384.10224,,0.190925195,0.572775584,0.236299222
9,46.2,2.666666667,,,,,,,,,,,,,,,,,,,,
10,49.7,3,,,,,,,,,,,,,,,,,,,,
11,53.4,3.333333333,,,,,,,,,,,,,,,,,,,,
12,56.3,3.666666667,,,,,,,,,,,,,,,,,,,,
13,60.4,4,,,,,,,,,,,,,,,,,,,,
14,63.4,4.333333333,,,,,,,,,,,,,,,,,,,,
15,67,4.666666667,,,,,,,,,,,,,,,,,,,,
16,70.4,5,,,,,,,,,,,,,,,,,,,,
17,73.8,5.333333333,,,,,,,,,,,,,,,,,,,,
18,76.9,5.666666667,,,,,,,,,,,,,,,,,,,,
19,80.7,6,,,,,,,,,,,,,,,,,,,,
20,83.7,6.333333333,,,,,,,,,,,,,,,,,,,,
21,87.3,6.666666667,,,,,,,,,,,,,,,,,,,,
22,90.2,7,,,,,,,,,,,,,,,,,,,,
23,93.3,7.333333333,,,,,,,,,,,,,,,,,,,,
24,97,7.666666667,,,,,,,,,,,,,,,,,,,,
25,101,8,,,,,,,,,,,,,,,,,,,,
26,104,8.333333333,,,,,,,,,,,,,,,,,,,,
27,107.2,8.666666667,,,,,,,,,,,,,,,,,,,,
28,110.4,9,,,,,,,,,,,,,,,,,,,,
29,114.3,9.333333333,,,,,,,,,,,,,,,,,,,,
30,117.2,9.666666667,,,,,,,,,,,,,,,,,,,,
31,121,10,,,,,,,,,,,,,,,,,,,,
32,124,10.33333333,,,,,,,,,,,,,,,,,,,,
33,126.8,10.66666667,,,,,,,,,,,,,,,,,,,,
34,131,11,,,,,,,,,,,,,,,,,,,,
35,134,11.33333333,,,,,,,,,,,,,,,,,,,,
36,137.6,11.66666667,,,,,,,,,,,,,,,,,,,,
37,140.2,12,,,,,,,,,,,,,,,,,,,,
38,144.5,12.33333333,,,,,,,,,,,,,,,,,,,,
39,146.9,12.66666667,,,,,,,,,,,,,,,,,,,,
40,150.6,13,,,,,,,,,,,,,,,,,,,,
41,154.1,13.33333333,,,,,,,,,,,,,,,,,,,,
42,157.5,13.66666667,,,,,,,,,,,,,,,,,,,,
43,160.6,14,,,,,,,,,,,,,,,,,,,,
44,163.8,14.33333333,,,,,,,,,,,,,,,,,,,,
45,167.8,14.66666667,,,,,,,,,,,,,,,,,,,,
46,171.6,15,,,,,,,,,,,,,,,,,,,,
47,174.2,15.33333333,,,,,,,,,,,,,,,,,,,,
48,178,15.66666667,,,,,,,,,,,,,,,,,,,,
49,180.5,16,,,,,,,,,,,,,,,,,,,,
50,184.6,16.33333333,,,,,,,,,,,,,,,,,,,,
51,188.4,16.66666667,,,,,,,,,,,,,,,,,,,,
52,191.4,17,,,,,,,,,,,,,,,,,,,,
53,195.2,17.33333333,,,,,,,,,,,,,,,,,,,,
54,196.3,17.66666667,,,,,,,,,,,,,,,,,,,,
55,201.5,18,,,,,,,,,,,,,,,,,,,,
56,204.5,18.33333333,,,,,,,,,,,,,,,,,,,,
57,207.9,18.66666667,,,,,,,,,,,,,,,,,,,,
58,211.7,19,,,,,,,,,,,,,,,,,,,,
59,214,19.33333333,,,,,,,,,,,,,,,,,,,,
60,217.5,19.66666667,,,,,,,,,,,,,,,,,,,,
61,221.8,20,,,,,,,,,,,,,,,,,,,,
62,223.6,20.33333333,,,,,,,,,,,,,,,,,,,,
63,228,20.66666667,,,,,,,,,,,,,,,,,,,,
64,231.4,21,,,,,,,,,,,,,,,,,,,,
65,234.4,21.33333333,,,,,,,,,,,,,,,,,,,,
66,238.3,21.66666667,,,,,,,,,,,,,,,,,,,,
67,241.5,22,,,,,,,,,,,,,,,,,,,,
68,244.9,22.33333333,,,,,,,,,,,,,,,,,,,,
69,248.6,22.66666667,,,,,,,,,,,,,,,,,,,,
70,251.4,23,,,,,,,,,,,,,,,,,,,,
71,253.8,23.33333333,,,,,,,,,,,,,,,,,,,,
72,257.8,23.66666667,,,,,,,,,,,,,,,,,,,,
73,261.6,24,,,,,,,,,,,,,,,,,,,,
74,264.4,24.33333333,,,,,,,,,,,,,,,,,,,,
75,268.2,24.66666667,,,,,,,,,,,,,,,,,,,,
76,271.7,25,,,,,,,,,,,,,,,,,,,,
77,274.3,25.33333333,,,,,,,,,,,,,,,,,,,,
78,277.9,25.66666667,,,,,,,,,,,,,,,,,,,,
79,282,26,,,,,,,,,,,,,,,,,,,,
80,284.5,26.33333333,,,,,,,,,,,,,,,,,,,,
81,288.2,26.66666667,,,,,,,,,,,,,,,,,,,,
82,291.3,27,,,,,,,,,,,,,,,,,,,,
83,294.7,27.33333333,,,,,,,,,,,,,,,,,,,,
84,298.1,27.66666667,,,,,,,,,,,,,,,,,,,,
85,301.9,28,,,,,,,,,,,,,,,,,,,,
86,304.7,28.33333333,,,,,,,,,,,,,,,,,,,,
87,308.5,28.66666667,,,,,,,,,,,,,,,,,,,,
88,310.5,29,,,,,,,,,,,,,,,,,,,,
89,315.2,29.33333333,,,,,,,,,,,,,,,,,,,,
90,317.8,29.66666667,,,,,,,,,,,,,,,,,,,,
91,321.3,30,,,,,,,,,,,,,,,,,,,,
92,324,30.33333333,,,,,,,,,,,,,,,,,,,,
93,328.2,30.66666667,,,,,,,,,,,,,,,,,,,,
94,331.8,31,,,,,,,,,,,,,,,,,,,,
95,335,31.33333333,,,,,,,,,,,,,,,,,,,,
96,337.9,31.66666667,,,,,,,,,,,,,,,,,,,,
97,341.6,32,,,,,,,,,,,,,,,,,,,,
98,345.3,32.33333333,,,,,,,,,,,,,,,,,,,,
99,348.2,32.66666667,,,,,,,,,,,,,,,,,,,,
100,350.7,33,,,,,,,,,,,,,,,,,,,,
101,354.4,33.33333333,,,,,,,,,,,,,,,,,,,,
102,358,33.66666667,,,,,,,,,,,,,,,,,,,,
103,361.3,34,,,,,,,,,,,,,,,,,,,,
104,365.1,34.33333333,,,,,,,,,,,,,,,,,,,,
105,368,34.66666667,,,,,,,,,,,,,,,,,,,,
106,371.6,35,,,,,,,,,,,,,,,,,,,,
107,374.3,35.33333333,,,,,,,,,,,,,,,,,,,,
108,378.2,35.66666667,,,,,,,,,,,,,,,,,,,,
109,381.7,36,,,,,,,,,,,,,,,,,,,,
110,384.6,36.33333333,,,,,,,,,,,,,,,,,,,,
111,388,36.66666667,,,,,,,,,,,,,,,,,,,,
112,392,37,,,,,,,,,,,,,,,,,,,,
113,394.6,37.33333333,,,,,,,,,,,,,,,,,,,,
114,398.2,37.66666667,,,,,,,,,,,,,,,,,,,,
115,401,38,,,,,,,,,,,,,,,,,,,,
116,404.2,38.33333333,,,,,,,,,,,,,,,,,,,,
117,408,38.66666667,,,,,,,,,,,,,,,,,,,,
118,411.4,39,,,,,,,,,,,,,,,,,,,,
119,414.6,39.33333333,,,,,,,,,,,,,,,,,,,,
120,418.4,39.66666667,,,,,,,,,,,,,,,,,,,,
121,421,40,,,,,,,,,,,,,,,,,,,,
122,424.9,40.33333333,,,,,,,,,,,,,,,,,,,,
123,427.8,40.66666667,,,,,,,,,,,,,,,,,,,,
124,431.2,41,,,,,,,,,,,,,,,,,,,,
125,434.8,41.33333333,,,,,,,,,,,,,,,,,,,,
126,437.5,41.66666667,,,,,,,,,,,,,,,,,,,,
127,441.3,42,,,,,,,,,,,,,,,,,,,,
128,444.1,42.33333333,,,,,,,,,,,,,,,,,,,,
129,447.6,42.66666667,,,,,,,,,,,,,,,,,,,,
130,451.5,43,,,,,,,,,,,,,,,,,,,,
131,454.6,43.33333333,,,,,,,,,,,,,,,,,,,,
132,457.9,43.66666667,,,,,,,,,,,,,,,,,,,,
133,462.1,44,,,,,,,,,,,,,,,,,,,,
134,464.5,44.33333333,,,,,,,,,,,,,,,,,,,,
135,468.2,44.66666667,,,,,,,,,,,,,,,,,,,,
136,471,45,,,,,,,,,,,,,,,,,,,,
137,474.9,45.33333333,,,,,,,,,,,,,,,,,,,,
138,478.7,45.66666667,,,,,,,,,,,,,,,,,,,,
139,481.3,46,,,,,,,,,,,,,,,,,,,,
140,484.8,46.33333333,,,,,,,,,,,,,,,,,,,,
141,488.5,46.66666667,,,,,,,,,,,,,,,,,,,,
142,491.4,47,,,,,,,,,,,,,,,,,,,,
143,494.7,47.33333333,,,,,,,,,,,,,,,,,,,,
144,498.2,47.66666667,,,,,,,,,,,,,,,,,,,,
145,500.7,48,,,,,,,,,,,,,,,,,,,,
146,505.1,48.33333333,,,,,,,,,,,,,,,,,,,,
147,507.6,48.66666667,,,,,,,,,,,,,,,,,,,,
148,511.6,49,,,,,,,,,,,,,,,,,,,,
149,515.4,49.33333333,,,,,,,,,,,,,,,,,,,,
150,517.6,49.66666667,,,,,,,,,,,,,,,,,,,,
151,521.4,50,,,,,,,,,,,,,,,,,,,,
152,524.3,50.33333333,,,,,,,,,,,,,,,,,,,,
153,528,50.66666667,,,,,,,,,,,,,,,,,,,,
154,531.3,51,,,,,,,,,,,,,,,,,,,,
155,534.4,51.33333333,,,,,,,,,,,,,,,,,,,,
156,537.2,51.66666667,,,,,,,,,,,,,,,,,,,,
157,541.5,52,,,,,,,,,,,,,,,,,,,,
158,544.7,52.33333333,,,,,,,,,,,,,,,,,,,,
159,548.1,52.66666667,,,,,,,,,,,,,,,,,,,,
160,551,53,,,,,,,,,,,,,,,,,,,,
161,554.4,53.33333333,,,,,,,,,,,,,,,,,,,,
162,558.4,53.66666667,,,,,,,,,,,,,,,,,,,,
163,559.7,54,,,,,,,,,,,,,,,,,,,,
164,563.9,54.33333333,,,,,,,,,,,,,,,,,,,,
165,567.8,54.66666667,,,,,,,,,,,,,,,,,,,,
166,570.6,55,,,,,,,,,,,,,,,,,,,,
167,573.9,55.33333333,,0.000000675,3757.86879,1211.338272,10.65994948,1.086075418,1.136286234,0.730315511,3.072633944,,,,,337.0604331,1057.929653,280.5158237,,0.201169349,0.631409085,0.167421566
168,577.5,55.66666667,,0.00000069,3856.64795,1211.116249,10.65929816,1.123549697,1.15250652,0.779166065,3.22288581,,,,,348.6904696,1073.031413,299.2794309,,0.202609067,0.623492501,0.173898433
169,580.9,56,,0.000000704,3939.83199,1211.042607,10.65908211,1.152423636,1.166034726,0.823154524,3.3589983,,,,,357.6514148,1085.626734,316.1754965,,0.203274133,0.617024914,0.179700953
170,584.4,56.33333333,,0.000000716,4017.01275,1211.029816,10.65904458,1.172885092,1.179978111,0.865963479,3.483141104,,,,,364.0015698,1098.608605,332.618512,,0.202760558,0.611960255,0.185279187
171,587.8,56.66666667,,0.000000727,4092.21757,1211.022582,10.65902336,1.193353794,1.192338063,0.910592228,3.602843253,,,,,370.3539736,1110.116233,349.7605145,,0.202353708,0.606544421,0.191101871
172,591.1,57,,0.000000742,4176.66495,1210.869646,10.65857464,1.215527577,1.208806402,0.954262085,3.752588434,,,,,377.2355444,1125.44894,366.5342044,,0.201814558,0.602095917,0.196089525
173,594.6,57.33333333,,0.000000749,4225.86741,1210.766875,10.65827309,1.231661483,1.216038446,0.983294379,3.832288668,,,,,382.2426565,1132.182273,377.6855736,,0.202019203,0.598370059,0.199610738
174,598.2,57.66666667,,0.000000759,4288.2305,1210.718696,10.65813171,1.250932569,1.229179005,1.010141795,3.940607195,,,,,388.2233835,1144.416679,387.9977262,,0.202132534,0.595852423,0.202015043
175,601,58,,0.000000772,4355.17567,1210.737162,10.6581859,1.268275564,1.242415077,1.044476002,4.07073518,,,,,393.6057329,1156.740012,401.185572,,0.201690708,0.592734537,0.205574755
176,604.1,58.33333333,,0.000000778,4396.6873,1210.667244,10.65798073,1.280033237,1.248653234,1.070308247,4.141235881,,,,,397.2546935,1162.547995,411.1077952,,0.201558973,0.589853271,0.208587756
177,607.2,58.66666667,,0.000000791,4452.53037,1210.759112,10.65825031,1.301648399,1.264076239,1.080153227,4.264234897,,,,,403.9628978,1176.907453,414.889274,,0.202410597,0.58970401,0.207885393
178,610.7,59,,0.000000796,4478.76712,1210.718986,10.65813257,1.308496768,1.269005394,1.094279196,4.316332596,,,,,406.0882698,1181.496701,420.3150904,,0.20224526,0.588424057,0.209330683
179,614.4,59.33333333,,0.000000801,4509.38204,1210.672144,10.65799511,1.317843855,1.274813387,1.109350174,4.372965961,,,,,408.9891118,1186.904183,426.1038868,,0.202269872,0.586995963,0.210734165
180,617.5,59.66666667,,0.0000008,4514.3239,1210.695279,10.658063,1.319812427,1.274613978,1.114516012,4.372376508,,,,,409.6000525,1186.718525,428.0880967,,0.202330914,0.586205598,0.211463488
181,621.6,60,,0.000000811,4568.98805,1210.708981,10.65810321,1.334934539,1.28422865,1.144977286,4.486220755,,,,,414.2931572,1195.670184,439.7883403,,0.202118706,0.583324407,0.214556887
182,624.4,60.33333333,,0.000000816,4604.56012,1210.70569,10.65809355,1.34566997,1.292258791,1.159043298,4.549009986,,,,,417.6248678,1203.146579,445.191127,,0.202145418,0.582366106,0.215488476
183,627.1,60.66666667,,0.000000816,4618.98982,1210.50618,10.65750807,1.349150602,1.290191018,1.180354258,4.562513628,,,,,418.7050721,1201.221396,453.3767145,,0.201950721,0.579375658,0.218673621
184,631,61,,0.000000819,4655.73754,1210.18201,10.65655664,1.353930495,1.293232357,1.215327718,4.614483358,,,,,420.1884984,1204.053009,466.8100988,,0.20094602,0.575812192,0.223241788
185,634.8,61.33333333,,0.000000819,4662.86385,1210.018096,10.65607549,1.351679852,1.290834492,1.233353769,4.620920554,,,,,419.4900177,1201.820497,473.7339454,,0.200229649,0.573649161,0.226121189
186,637.2,61.66666667,,0.000000819,4667.03383,1209.942905,10.65585476,1.353595397,1.29048935,1.237968523,4.624765621,,,,,420.0845017,1201.499156,475.5064827,,0.200317809,0.572936343,0.226745848
187,640.8,62,,0.000000821,4674.15435,1209.924291,10.65580012,1.359585189,1.293323419,1.233818806,4.64306114,,,,,421.9434167,1204.137792,473.9125671,,0.200926032,0.573400648,0.22567332
188,644.5,62.33333333,,0.000000823,4687.16763,1209.917362,10.65577978,1.364639625,1.297144507,1.235466148,4.667303362,,,,,423.5120466,1207.695383,474.5453149,,0.201121451,0.573521932,0.225356617
189,646.9,62.66666667,,0.000000823,4684.31111,1209.961137,10.65590828,1.367217831,1.296347116,1.231574297,4.664627707,,,,,424.3121855,1206.952979,473.0504462,,0.201639043,0.573560816,0.224800141
190,649.5,63,,0.00000082,4667.93466,1209.992406,10.65600007,1.366365444,1.292450103,1.221866928,4.631495701,,,,,424.0476496,1203.324698,469.321824,,0.202245828,0.573915221,0.223838951
191,650,63.33333333,,0.000000818,4656.07748,1209.999684,10.65602144,1.369473172,1.290758269,1.208249739,4.608491165,,,,,425.0121242,1201.74953,464.0914312,,0.203272113,0.574765171,0.221962717
192,650.4,63.66666667,,0.000000819,4663.1825,1209.946299,10.65586472,1.374427626,1.293021618,1.206624398,4.620962134,,,,,426.549725,1203.856802,463.4671341,,0.20371321,0.574942426,0.221344364
193,649.7,64,,0.000000818,4654.18764,1209.917545,10.65578031,1.372972827,1.291217769,1.201271078,4.606307927,,,,,426.0982323,1202.177344,461.4109119,,0.203905339,0.575290768,0.220803893
194,649.2,64.33333333,,0.000000821,4662.90993,1209.939002,10.6558433,1.374969828,1.296157905,1.197053425,4.631947836,,,,,426.7179959,1206.776816,459.7909019,,0.203850814,0.576498854,0.219650332
195,649.9,64.66666667,,0.000000819,4650.45368,1209.903733,10.65573977,1.371279751,1.293281595,1.192242826,4.60818644,,,,,425.5727909,1204.098852,457.9431401,,0.203855996,0.576782106,0.219361898
196,649.6,65,,0.000000819,4651.63563,1209.876612,10.65566014,1.37172275,1.294520785,1.189928627,4.609254323,,,,,425.7102744,1205.252589,457.0542511,,0.20388256,0.57722352,0.21889392
197,650,65.33333333,,0.000000816,4632.65115,1209.859228,10.65560911,1.365674089,1.289892751,1.183668798,4.573562286,,,,,423.8330896,1200.943697,454.6498367,,0.203822094,0.577535982,0.218641923
198,650,65.66666667,,0.000000811,4602.115,1209.876762,10.65566058,1.359221256,1.283082018,1.16880593,4.515641506,,,,,421.8304711,1194.602622,448.9409758,,0.20423926,0.578395284,0.217365456
199,650.1,66,,0.00000081,4579.37637,1210.196786,10.65660001,1.378975112,1.280807191,1.127222846,4.488976717,,,,,427.9610244,1192.484664,432.9688201,,0.208414338,0.58073256,0.210853103
200,649.7,66.33333333,,0.000000821,4628.89308,1210.387617,10.65716011,1.400793324,1.296557038,1.127733927,4.599861742,,,,,434.7322448,1207.148425,433.1651275,,0.209504892,0.581745437,0.208749671
201,650.6,66.66666667,,0.000000805,4539.88192,1210.618459,10.65783757,1.37939764,1.273686339,1.095189204,4.424332206,,,,,428.0921548,1185.854855,420.6646265,,0.210404849,0.582840889,0.206754262
202,649.3,67,,0.000000799,4506.88938,1210.841037,10.6584907,1.373067839,1.266312417,1.078578607,4.36024416,,,,,426.127719,1178.989427,414.284459,,0.211016827,0.583831084,0.20515209
203,648.7,67.33333333,,0.0000008,4510.80749,1210.791502,10.65834535,1.373494918,1.268482135,1.077256611,4.369317899,,,,,426.2602617,1181.009525,413.7766773,,0.210910669,0.584355454,0.204733877
204,649.8,67.66666667,,0.000000796,4489.71541,1210.798859,10.65836694,1.366301822,1.26343994,1.07046302,4.327169269,,,,,424.0279047,1176.315032,411.1672438,,0.210800775,0.584791985,0.20440724
205,649.1,68,,0.000000795,4484.17495,1210.81921,10.65842665,1.365010072,1.262287609,1.0676466,4.316472511,,,,,423.6270138,1175.242164,410.0854506,,0.210869378,0.585001845,0.204128777
206,650.1,68.33333333,,0.000000793,4474.29644,1210.802375,10.65837725,1.362628334,1.259588734,1.064487878,4.296068584,,,,,422.8878481,1172.729399,408.8721784,,0.210970356,0.585051427,0.203978217
207,650.3,68.66666667,,0.00000079,4457.78558,1210.824241,10.65844141,1.35781421,1.255251111,1.059498795,4.264099924,,,,,421.3937984,1168.690892,406.9558604,,0.211009135,0.585211398,0.203779468
208,650.2,69,,0.000000785,4433.54615,1210.823154,10.65843823,1.350515192,1.249181011,1.051560985,4.214068662,,,,,419.1285688,1163.039377,403.9069298,,0.211033619,0.585596944,0.203369437
209,649.6,69.33333333,,0.000000783,4425.86206,1210.825778,10.65844592,1.347196359,1.247686371,1.048781699,4.196056182,,,,,418.0985783,1161.647805,402.8393999,,0.210885492,0.58592562,0.203188888
210,649.8,69.66666667,,0.000000781,4416.36855,1210.840109,10.65848797,1.342994164,1.245254387,1.047068758,4.176410132,,,,,416.794439,1159.383527,402.1814554,,0.210676803,0.586032808,0.203290388
211,650.2,70,,0.000000781,4417.03069,1210.825758,10.65844587,1.342852307,1.24517251,1.04828983,4.176986791,,,,,416.7504141,1159.307296,402.6504719,,0.210617421,0.58589099,0.203491589
212,650,70.33333333,,0.000000775,4385.98374,1210.836254,10.65847666,1.334092176,1.237627836,1.036937888,4.115798794,,,,,414.0317322,1152.282892,398.2901655,,0.210745558,0.586521471,0.202732971
213,650,70.66666667,,0.000000774,4379.33178,1210.850144,10.65851742,1.331172059,1.236529205,1.034033034,4.104301037,,,,,413.1254822,1151.260021,397.1744046,,0.210610688,0.586910456,0.202478855
214,649.9,71,,0.00000077,4363.28444,1210.865595,10.65856275,1.32643058,1.232385223,1.029042235,4.068180277,,,,,411.6539776,1147.401801,395.2574275,,0.210638692,0.587112546,0.202248762
215,649.8,71.33333333,,0.000000765,4338.31199,1210.873607,10.65858626,1.318405745,1.226109769,1.021392699,4.018657829,,,,,409.1634928,1141.559093,392.3192236,,0.210578841,0.587511338,0.201909821
216,649.6,71.66666667,,0.000000764,4334.9562,1210.709081,10.6581035,1.314333505,1.224925798,1.024084029,4.00975532,,,,,407.8996846,1140.456767,393.3529695,,0.210072465,0.587346775,0.20258076
217,649.8,72,,0.000000761,4318.35146,1210.721724,10.6581406,1.308429522,1.220880582,1.019169641,3.978752983,,,,,406.0674002,1136.690503,391.465342,,0.209938228,0.587672858,0.202388914
218,649.8,72.33333333,,0.00000076,4313.82203,1210.721109,10.65813879,1.305289436,1.220706795,1.016662721,3.969354896,,,,,405.0928834,1136.5287,390.5024285,,0.209661948,0.588227615,0.202110437
219,650.5,72.66666667,,0.000000757,4296.77576,1210.732062,10.65817093,1.300192434,1.216648936,1.010461156,3.938098841,,,,,403.5110432,1132.750665,388.1203935,,0.209683432,0.588630846,0.201685722
220,650.2,73,,0.000000753,4279.055,1210.7131,10.65811529,1.293952934,1.212290975,1.005273231,3.901073082,,,,,401.574632,1128.693222,386.1276998,,0.20954684,0.58896673,0.201486431
221,649.4,73.33333333,,0.000000754,4283.96259,1210.524214,10.657561,1.291885792,1.214032824,1.008738437,3.910123697,,,,,400.9331004,1130.314956,387.4586932,,0.208960072,0.589102507,0.201937421
222,650.2,73.66666667,,0.000000749,4260.26496,1210.522006,10.65755452,1.284375432,1.20784683,1.002023862,3.86270122,,,,,398.6022814,1124.555539,384.8796099,,0.208906951,0.589378133,0.201714916
223,649.6,74,,0.000000746,4242.47516,1210.508591,10.65751515,1.278099721,1.203109054,0.997834849,3.831122261,,,,,396.6546322,1120.144473,383.2706007,,0.208757937,0.589528094,0.201713968
224,649.9,74.33333333,,0.000000747,4249.24969,1210.513679,10.65753008,1.279058303,1.205780607,0.998345728,3.842399833,,,,,396.9521255,1122.631799,383.4668304,,0.208587251,0.589911644,0.201501105
225,649.4,74.66666667,,0.000000745,4238.19989,1210.559188,10.65766364,1.275776032,1.203243372,0.994046746,3.822290905,,,,,395.9334819,1120.269528,381.8155818,,0.208603585,0.590231062,0.201165354
226,650.3,75,,0.000000742,4223.1941,1210.556707,10.65765635,1.270128556,1.199636358,0.989759344,3.793412629,,,,,394.1808037,1116.911249,380.1687811,,0.208422232,0.590564363,0.201013406
227,649.6,75.33333333,,0.00000074,4211.86592,1210.573097,10.65770445,1.266578582,1.196517522,0.986961724,3.773090964,,,,,393.0790794,1114.007483,379.094209,,0.208399473,0.590615438,0.200985088
228,649.6,75.66666667,,0.000000737,4197.16567,1210.544732,10.65762121,1.259124982,1.192782471,0.985100625,3.744591454,,,,,390.7658757,1110.529995,378.3793567,,0.207890102,0.590809507,0.20130039
229,649.5,76,,0.000000733,4180.77573,1210.583678,10.6577355,1.2544683,1.188809321,0.979110526,3.709844103,,,,,389.3206876,1106.830828,376.0785462,,0.207944897,0.59118313,0.200871973
230,649.4,76.33333333,,0.000000731,4175.24603,1210.399357,10.65719457,1.249518518,1.186660828,0.982463711,3.694265746,,,,,387.7845368,1104.830492,377.3665121,,0.207373457,0.590824277,0.201802266
231,649.3,76.66666667,,0.000000728,4164.86056,1210.208429,10.65663419,1.240509106,1.182912841,0.987697854,3.66937433,,,,,384.9884912,1101.34096,379.3769582,,0.206349986,0.590307754,0.20334226
232,650.1,77,,0.000000723,4136.94367,1210.419433,10.65725349,1.234521888,1.176924742,0.973528767,3.62037696,,,,,383.1303751,1095.765791,373.9345801,,0.206781097,0.591400911,0.201817992
233,650.3,77.33333333,,0.000000722,4130.88202,1210.255823,10.6567733,1.228335565,1.175263251,0.975981395,3.609584142,,,,,381.2104672,1094.218874,374.87664,,0.206025636,0.591371852,0.202602512
234,649.9,77.66666667,,0.00000072,4120.83964,1210.256242,10.65677452,1.224643728,1.172625254,0.973653483,3.590835766,,,,,380.0647161,1091.762789,373.9824838,,0.205906739,0.591481678,0.202611583
235,650.7,78,,0.000000715,4103.45379,1210.22586,10.65668535,1.214478611,1.167356809,0.975067005,3.550765714,,,,,376.9100008,1086.857648,374.5254208,,0.205032596,0.591231978,0.203735425
236,650.2,78.33333333,,0.000000716,4106.52559,1210.092858,10.65629495,1.210587733,1.16857891,0.979274882,3.558002537,,,,,375.7024778,1087.995475,376.1416758,,0.204203927,0.59135343,0.204442643
237,650,78.66666667,,0.000000716,4107.89198,1210.090041,10.65628668,1.2089272,1.169706886,0.979458006,3.559178129,,,,,375.1871361,1089.045668,376.2120141,,0.20385677,0.591729596,0.204413634
238,650.2,79,,0.000000711,4088.92247,1210.026888,10.6561013,1.198274913,1.164012979,0.980442696,3.517819061,,,,,371.8812289,1083.744404,376.5902357,,0.202968021,0.591493842,0.205538137
239,649.9,79.33333333,,0.00000071,4079.69596,1210.015532,10.65606796,1.19386483,1.162381179,0.977046719,3.50491179,,,,,370.5125721,1082.22513,375.2858334,,0.202684793,0.592019254,0.205295953
240,649.6,79.66666667,,0.000000706,4063.5626,1209.982332,10.6559705,1.182957509,1.157748807,0.979011266,3.4712883,,,,,367.1275159,1077.9122,376.0404203,,0.20159877,0.591908164,0.206493066
241,649.7,80,,0.000000704,4058.45745,1209.982891,10.65597214,1.179077166,1.156555032,0.979274213,3.457107512,,,,,365.9232625,1076.800746,376.1414188,,0.201182153,0.59201782,0.206800027
242,649.9,80.33333333,,0.000000704,4054.6869,1209.989146,10.65599051,1.176513626,1.156024349,0.97821311,3.453913507,,,,,365.1276751,1076.306658,375.7338467,,0.200932241,0.592298869,0.20676889
243,650.2,80.66666667,,0.0000007,4041.27782,1210.003232,10.65603185,1.170972469,1.152147689,0.97665554,3.422971456,,,,,363.4079927,1072.697326,375.1355806,,0.200640342,0.592244426,0.207115233
244,649.8,81,,0.000000697,4032.54255,1209.973825,10.65594553,1.162982266,1.149762856,0.979307139,3.400851841,,,,,360.9282558,1070.476948,376.1540657,,0.199677135,0.592222322,0.208100543
245,650.3,81.33333333,,0.000000697,4013.63422,1209.964231,10.65591737,1.156193013,1.144755027,0.974887591,3.384878629,,,,,358.8212303,1065.814451,374.4565075,,0.199445716,0.592417919,0.208136364
246,650.4,81.66666667,,0.000000693,3994.59797,1209.988628,10.65598899,1.148985179,1.139645003,0.970973064,3.349558756,,,,,356.5842994,1061.056807,372.9529289,,0.199143018,0.592572513,0.20828447
247,649.4,82,,0.000000688,3985.16896,1210.011013,10.6560547,1.144771941,1.136970346,0.970028589,3.317603652,,,,,355.2767329,1058.56659,372.5901539,,0.198874874,0.592558639,0.208566487
248,650,82.33333333,,0.000000686,3964.01571,1210.031757,10.65611559,1.137003599,1.131409045,0.965130404,3.290457237,,,,,352.86585,1053.388788,370.7087501,,0.198578008,0.592802753,0.208619239
249,649.6,82.66666667,,0.00000068,3939.98578,1210.060144,10.65619892,1.129393619,1.124747888,0.959395585,3.241981438,,,,,350.5041142,1047.186974,368.5059932,,0.198451304,0.59290494,0.208643756
250,649.5,83,,0.000000681,3939.10798,1210.073906,10.65623932,1.126599349,1.125056121,0.959984046,3.246062622,,,,,349.6369204,1047.473952,368.7320224,,0.198000015,0.593186379,0.208813606
251,649.5,83.33333333,,0.000000678,3932.2608,1210.098852,10.65631255,1.123517937,1.122935967,0.959812593,3.226211663,,,,,348.6806129,1045.500001,368.666167,,0.197794055,0.593074799,0.209131146
252,649.9,83.66666667,,0.000000676,3923.37399,1210.109366,10.65634341,1.119848462,1.120595947,0.958140764,3.209453048,,,,,347.5418018,1043.321345,368.0240137,,0.197591869,0.593171278,0.209236853
253,650.5,84,,0.000000672,3907.02044,1210.13926,10.65643116,1.112833676,1.116109275,0.955808756,3.177242091,,,,,345.3647828,1039.144067,367.1282842,,0.197166854,0.593241629,0.209591517
254,650,84.33333333,,0.000000671,3902.9194,1210.167616,10.65651439,1.108321136,1.114849833,0.958147145,3.169258253,,,,,343.9643287,1037.971474,368.0264646,,0.196555283,0.593139346,0.210305371
255,650.4,84.66666667,,0.000000666,3883.31604,1210.17715,10.65654237,1.1004664,1.110125734,0.95302104,3.129867225,,,,,341.5266337,1033.573142,366.0575162,,0.196149214,0.593612735,0.210238051
256,650.1,85,,0.000000663,3871.77503,1210.207373,10.65663109,1.096803769,1.107052229,0.949924672,3.106586407,,,,,340.3899465,1030.711581,364.8681943,,0.196080578,0.593738225,0.210181197
257,650.6,85.33333333,,0.000000657,3846.00006,1210.223197,10.65667753,1.087895723,1.100071807,0.944006821,3.058018648,,,,,337.6253596,1024.212518,362.5951345,,0.1957892,0.593941609,0.210269191
258,649.8,85.66666667,,0.000000657,3846.05527,1210.256336,10.6567748,1.086415356,1.101120286,0.942536627,3.058146284,,,,,337.1659319,1025.188696,362.0304297,,0.195528215,0.594524228,0.209947557
259,649.1,86,,0.000000655,3832.77526,1210.291454,10.65687787,1.081913515,1.096782581,0.941465553,3.038397718,,,,,335.7687983,1021.150113,361.6190278,,0.195380498,0.594197015,0.210422487
260,649.8,86.33333333,,0.00000065,3815.59033,1210.30233,10.6569098,1.075800675,1.092670362,0.936175275,3.001711613,,,,,333.8716957,1017.321466,359.5870202,,0.195157566,0.594653525,0.210188909
261,649.5,86.66666667,,0.000000647,3792.79478,1210.338944,10.65701726,1.068500527,1.085961366,0.931893742,2.970096998,,,,,331.6061154,1011.075112,357.9424737,,0.194990882,0.594531942,0.210477176
262,650.3,87,,0.000000646,3795.11658,1210.368639,10.65710441,1.067036067,1.087935602,0.930788081,2.967394597,,,,,331.1516244,1012.913208,357.5177869,,0.194613897,0.595277124,0.210108979
263,649.7,87.33333333,,0.000000642,3771.08921,1210.409898,10.6572255,1.061570827,1.079943782,0.926767411,2.930449899,,,,,329.4555026,1005.472492,355.9734385,,0.194840158,0.594636962,0.210522879
264,649.7,87.66666667,,0.000000636,3749.69523,1210.437344,10.65730606,1.051783325,1.074954572,0.92183627,2.886658441,,,,,326.4179791,1000.82733,354.0793762,,0.194143333,0.595261188,0.210595478
265,650,88,,0.000000635,3743.22616,1210.426959,10.65727558,1.047969294,1.07460954,0.917903646,2.87712268,,,,,325.2343053,1000.506091,352.5688465,,0.193786876,0.596139296,0.210073828
266,649.4,88.33333333,,0.000000636,3744.40648,1210.343804,10.65703152,1.040167754,1.076954611,0.920150297,2.882364201,,,,,322.8131195,1002.689449,353.4317902,,0.192272627,0.597217779,0.210509594
267,649.2,88.66666667,,0.000000631,3720.62636,1210.35913,10.65707651,1.032012486,1.071811541,0.911027903,2.841578568,,,,,320.2821551,997.9010377,349.9278582,,0.192002897,0.598222185,0.209774918
268,650.1,89,,0.000000631,3718.63196,1210.391121,10.6571704,1.030601485,1.071830939,0.909683823,2.840130436,,,,,319.844255,997.9190981,349.4115941,,0.191848045,0.598568914,0.20958304
269,650.2,89.33333333,,0.000000629,3708.9665,1210.407416,10.65721822,1.027383666,1.068730459,0.90869266,2.823807792,,,,,318.8456139,995.0324225,349.0308862,,0.191739674,0.598368563,0.209891763
270,649.7,89.66666667,,0.000000628,3702.59124,1210.443088,10.65732291,1.024075144,1.068096305,0.905217324,2.814555311,,,,,317.8188235,994.4419988,347.6960018,,0.191462102,0.599077027,0.209460871
271,650,90,,0.000000628,3705.81961,1210.465547,10.65738883,1.024984353,1.069531993,0.904590102,2.817061651,,,,,318.1009939,995.7786839,347.4550845,,0.191473146,0.599384728,0.209142126
272,649.4,90.33333333,,0.000000626,3699.42418,1210.47988,10.65743089,1.019006538,1.06942655,0.90209165,2.803277164,,,,,316.245796,995.6805121,346.4954235,,0.190690818,0.600378356,0.208930827
273,650.1,90.66666667,,0.000000622,3694.1489,1210.461599,10.65737724,1.03396686,1.062139653,0.901613223,2.781350989,,,,,320.8886896,988.8961085,346.3116586,,0.193762077,0.597124705,0.209113218
274,650.3,91,,0.00000062,3686.2706,1210.481388,10.65743532,1.034081037,1.059635717,0.898205858,2.76654041,,,,,320.9241241,986.5648401,345.002882,,0.194206177,0.597016465,0.208777358
275,649.7,91.33333333,,0.000000618,3672.32868,1210.511854,10.65752472,1.023942048,1.057754907,0.894667396,2.747255592,,,,,317.7775175,984.8137279,343.6437509,,0.193032901,0.59822184,0.208745259
276,649.9,91.66666667,,0.000000618,3674.8162,1210.501685,10.65749488,1.029642724,1.057483194,0.893381805,2.749093402,,,,,319.5467062,984.5607519,343.1499525,,0.193987111,0.597696963,0.208315926
277,649.4,92,,0.000000619,3662.45945,1210.500719,10.65749205,1.005588575,1.061358847,0.888800962,2.744280665,,,,,312.0815691,988.1691457,341.3904404,,0.190103402,0.601939798,0.207956799
278,650.2,92.33333333,,0.000000616,3660.42133,1210.497329,10.6574821,1.022527669,1.054452244,0.889648526,2.72945303,,,,,317.338569,981.7388116,341.7159916,,0.193405565,0.598331775,0.20826266
279,649.6,92.66666667,,0.000000616,3643.70869,1210.509641,10.65751823,1.004400897,1.054882918,0.883477751,2.717018612,,,,,311.7129766,982.139787,339.3457831,,0.19086043,0.601359699,0.207779871
280,650.3,93,,0.000000613,3632.72012,1210.506421,10.65750878,0.995586025,1.053851861,0.880197667,2.695625221,,,,,308.977306,981.1798301,338.0858955,,0.189761172,0.602600356,0.207638472
281,649.6,93.33333333,,0.000000613,3613.23229,1210.537357,10.65759957,0.979016335,1.052990878,0.872559901,2.681232984,,,,,303.8349496,980.3782192,335.1522125,,0.187625939,0.605408903,0.206965158
282,649.9,93.66666667,,0.000000607,3604.52854,1210.544143,10.65761948,0.996143524,1.0432796,0.872346272,2.648608633,,,,,309.1503243,971.3366162,335.0701571,,0.19135834,0.601239422,0.207402238
283,649.6,94,,0.000000609,3598.99507,1210.514693,10.65753306,0.970433433,1.049437779,0.871842084,2.653191574,,,,,301.1712703,977.0701365,334.8764974,,0.186701338,0.605702865,0.207595797
284,648.9,94.33333333,,0.000000608,3589.09312,1210.528648,10.65757401,0.964824712,1.047782461,0.868742029,2.641577626,,,,,299.4306196,975.5289667,333.6857593,,0.186138368,0.606428862,0.20743277
285,649,94.66666667,,0.000000611,3594.30633,1210.533644,10.65758867,0.973937238,1.046802586,0.869813369,2.658478559,,,,,302.2586662,974.6166624,334.0972634,,0.187624959,0.604986495,0.207388546
286,650,95,,0.000000605,3583.03672,1210.53492,10.65759242,0.979642698,1.040806976,0.866513083,2.624121596,,,,,304.0293396,969.0345006,332.8296162,,0.18932099,0.603423905,0.207255105
287,650.4,95.33333333,,0.000000603,3588.0097,1210.550434,10.65763795,1.000670304,1.035568025,0.868070078,2.61911042,,,,,310.5551976,964.1568198,333.4276614,,0.193114567,0.599547933,0.2073375
288,649.7,95.66666667,,0.000000606,3595.80831,1210.557218,10.65765786,1.001589246,1.039065368,0.867656774,2.637876614,,,,,310.8403887,967.4129913,333.2689104,,0.192886186,0.600310028,0.206803786
289,650.3,96,,0.000000605,3586.43082,1210.582254,10.65773133,0.9928988,1.037996879,0.866463287,2.626710051,,,,,308.1433333,966.4181837,332.8104894,,0.191706296,0.601241144,0.20705256
290,649.6,96.33333333,,0.000000603,3572.4118,1210.593573,10.65776454,0.983723556,1.036344598,0.861296926,2.607817476,,,,,305.2958223,964.8798415,330.8260786,,0.1906905,0.602672574,0.206636926
291,649.9,96.66666667,,0.000000604,3577.97847,1210.597662,10.65777654,0.982944756,1.038678184,0.862783069,2.616221391,,,,,305.0541239,967.0525069,331.3969094,,0.190242252,0.603087229,0.206670519
292,648.7,97,,0.000000603,3568.43146,1210.613067,10.65782175,0.979392405,1.036521127,0.859634765,2.604953822,,,,,303.9516619,965.0441973,330.1876388,,0.190066782,0.603460578,0.20647264
293,649.7,97.33333333,,0.000000602,3565.55252,1210.630178,10.65787196,0.978977349,1.036173294,0.857236822,2.59857242,,,,,303.8228504,964.7203503,329.2665835,,0.190149574,0.60377672,0.206073706
294,648.5,97.66666667,,0.000000601,3557.46503,1210.626105,10.65786001,0.976253772,1.033789214,0.855852212,2.588362781,,,,,302.977596,962.5006729,328.7347517,,0.190048376,0.603746589,0.206205035
295,649.4,98,,0.0000006,3552.8164,1210.699092,10.65807419,0.975675885,1.032571804,0.853716751,2.580834953,,,,,302.7982504,961.3672136,327.9145164,,0.190190351,0.603843541,0.205966107
296,649.9,98.33333333,,0.000000597,3541.76805,1210.718306,10.65813057,0.976511792,1.028677434,0.84937634,2.559985799,,,,,303.0576718,957.7413935,326.2473548,,0.190957031,0.60347409,0.20556888
297,650.2,98.66666667,,0.000000596,3530.75459,1210.761006,10.65825586,0.969706508,1.026958475,0.846113958,2.547840387,,,,,300.9456711,956.1409713,324.9942666,,0.190221416,0.604356557,0.205422027
298,649.9,99,,0.000000596,3535.50721,1210.752957,10.65823225,0.971165337,1.028425191,0.846876279,2.551252982,,,,,301.3984146,957.5065448,325.2870758,,0.190253712,0.604413179,0.205333109
299,649.3,99.33333333,,0.000000594,3529.84624,1210.815406,10.65841549,0.980237962,1.024130524,0.843034809,2.538751373,,,,,304.2140781,953.5080316,323.8115585,,0.192353842,0.602900874,0.204745283
300,650,99.66666667,,0.000000667,3311.9973,1210.794577,10.65835437,0.939711587,0.953189527,0.794002997,2.674768962,,,,,291.6368323,887.4590184,304.9783297,,0.196510954,0.597988315,0.205500732
301,650.6,100,,0.000000593,3517.06285,1210.79392,10.65835244,0.969445045,1.023261388,0.838799688,2.52525392,,,,,300.8645268,952.6988299,322.1848391,,0.190934394,0.604600933,0.204464673
302,650.3,100.3333333,,0.000000667,3304.63654,1210.858652,10.65854238,0.937039681,0.952950433,0.787557173,2.668965646,,,,,290.8076138,887.236412,302.5024743,,0.196419102,0.59926278,0.204318118
303,650.9,100.6666667,,0.000000669,3294.04491,1210.856084,10.65853485,0.909713377,0.958668312,0.783186754,2.668382981,,,,,282.3269727,892.5599947,300.8237865,,0.191315928,0.604833971,0.203850101
304,650.6,101,,0.000000668,3297.98836,1210.867163,10.65856735,0.912158357,0.959197327,0.784587444,2.66760844,,,,,283.0857653,893.0525296,301.3617947,,0.191597799,0.60443484,0.203967361
305,650.4,101.3333333,,0.000000665,3292.64045,1210.894001,10.6586461,0.910326665,0.95804104,0.782532798,2.651380649,,,,,282.5173049,891.9759784,300.5726006,,0.191528601,0.604702467,0.203768933
306,649.6,101.6666667,,0.000000665,3291.05164,1210.90601,10.65868134,0.906462221,0.958593243,0.782508718,2.650127551,,,,,281.3179856,892.4901024,300.5633514,,0.190805368,0.605335995,0.203858637
307,650.1,102,,0.000000664,3291.6633,1210.924286,10.65873496,0.916344869,0.955392546,0.783045342,2.646674141,,,,,284.3850374,889.5101206,300.7694699,,0.192847263,0.603194858,0.203957879
308,649.8,102.3333333,,0.00000059,3496.38608,1210.94058,10.65878277,0.957201395,1.021392651,0.828407222,2.498010314,,,,,297.0647447,950.9589581,318.1930696,,0.189670261,0.607169438,0.2031603
309,650.5,102.6666667,,0.000000662,3291.31364,1210.931968,10.6587575,0.911199969,0.95857958,0.778500025,2.63843867,,,,,282.7883323,892.4773815,299.0236034,,0.191813323,0.605361086,0.202825592
310,649.6,103,,0.000001855,1941.76119,1210.950886,10.658813,0.540691794,0.564198842,0.460098007,4.361805139,,,,,167.8021685,525.2925429,176.7246751,,0.192916105,0.603909905,0.20317399
311,650.7,103.3333333,,0.00000066,3255.82769,1210.964035,10.65885158,0.900554314,0.949108668,0.768466066,2.602175556,,,,,279.4844834,883.6595693,295.1695373,,0.191649097,0.605946194,0.202404709
312,649.9,103.6666667,,0.000000658,3251.43077,1210.992867,10.65893618,0.901577601,0.947155747,0.767219012,2.590848332,,,,,279.8020576,881.8413188,294.6905411,,0.192127681,0.605521377,0.202350943
313,650,104,,0.000000661,3275.18458,1210.980798,10.65890077,0.906884,0.954384384,0.77315102,2.621648706,,,,,281.4488835,888.5714799,296.9690386,,0.191854749,0.605710906,0.202434345
314,650.2,104.3333333,,0.000000658,3252.93322,1211.025064,10.65903064,0.900873226,0.948235467,0.766827844,2.592114448,,,,,279.5834568,882.8465829,294.5402926,,0.19189372,0.60594685,0.20215943
315,649.8,104.6666667,,0.000000658,3253.65068,1211.041195,10.65907796,0.900635892,0.948702291,0.766684837,2.592720695,,,,,279.5098009,883.2812155,294.4853633,,0.191802876,0.606117843,0.202079281
316,650.3,105,,0.000000658,3258.72128,1211.034494,10.6590583,0.901548337,0.951131575,0.765692833,2.596746911,,,,,279.7929756,885.5429797,294.1043323,,0.19171252,0.606768901,0.201518579
317,650,105.3333333,,0.000000657,3242.0733,1211.058187,10.65912782,0.899156304,0.94609057,0.760236302,2.579604995,,,,,279.0506149,880.8495948,292.0084665,,0.192195707,0.606683884,0.201120409
318,650.2,105.6666667,,0.000001834,1936.90994,1211.080499,10.65919328,0.53409118,0.566356867,0.453898229,4.302112574,,,,,165.7536866,527.3017538,174.3433265,,0.191092832,0.607911579,0.20099559
319,648.8,106,,0.000000657,3244.56154,1211.079164,10.65918936,0.898063538,0.947457212,0.760691278,2.581629517,,,,,278.7114781,882.1219952,292.1832238,,0.191815744,0.607096943,0.201087313
320,650.3,106.3333333,,0.000001831,1932.77997,1211.096495,10.6592402,0.53037099,0.565836104,0.45341277,4.285973759,,,,,164.5991362,526.8169018,174.1568606,,0.190162072,0.608633776,0.201204151
321,649.8,106.6666667,,0.000000652,3241.1095,1211.118406,10.65930449,0.8993442,0.945264231,0.761103201,2.559339526,,,,,279.1089279,880.0802389,292.3414444,,0.19228594,0.60631187,0.20140219
322,649.8,107,,0.000000654,3246.673,1211.118336,10.65930428,0.901075166,0.947339834,0.760977616,2.571596802,,,,,279.6461283,882.0127114,292.2932069,,0.19233518,0.606631225,0.201033595
323,650.4,107.3333333,,0.000000651,3231.15916,1211.11516,10.65929496,0.888434418,0.945860087,0.756594964,2.547562104,,,,,275.7231079,880.6350055,290.6098204,,0.190552328,0.608607133,0.200840539
324,650.4,107.6666667,,0.000000652,3238.20647,1211.15483,10.65941134,0.899714141,0.945031753,0.757626376,2.557124054,,,,,279.2237381,879.8637922,291.0059881,,0.192555676,0.606763482,0.200680842
325,650.2,108,,0.00000182,1912.0988,1211.15745,10.65941903,0.524427387,0.560621373,0.446476417,4.214851927,,,,,162.7545558,521.9617708,171.4925919,,0.190087433,0.609619638,0.200292929
326,650,108.3333333,,0.00000065,3229.54624,1211.172222,10.65946237,0.897169497,0.94326518,0.753614571,2.542498852,,,,,278.434015,878.2190394,289.4650448,,0.192538919,0.607294134,0.200166947
327,649.3,108.6666667,,0.000001815,1921.05758,1211.16057,10.65942818,0.527245243,0.563570352,0.447338725,4.222977186,,,,,163.6290694,524.7073926,171.8238063,,0.190230909,0.610011194,0.199757897
328,649.9,109,,0.000001811,1917.8339,1211.166218,10.65944475,0.525964541,0.563092272,0.445655486,4.206619109,,,,,163.2316072,524.2622803,171.1772704,,0.190097927,0.610550704,0.199351369
329,649.2,109.3333333,,0.000001809,1917.09369,1211.191397,10.65951862,0.525700386,0.562794405,0.445763864,4.200438998,,,,,163.1496274,523.9849538,171.2188987,,0.190072774,0.610453579,0.199473647
330,649.1,109.6666667,,0.000001807,1920.7066,1211.190167,10.65951501,0.526567442,0.564093785,0.446055127,4.203698093,,,,,163.4187158,525.1947305,171.3307734,,0.190034088,0.61073116,0.199234752
331,650,110,,0.000001804,1919.64786,1211.193919,10.65952602,0.526158478,0.563825626,0.445800322,4.194418729,,,,,163.291795,524.9450633,171.2329023,,0.189991321,0.610777816,0.199230863
332,649.8,110.3333333,,0.000001803,1922.51944,1211.220424,10.65960377,0.527177813,0.564514315,0.446681995,4.198456444,,,,,163.6081427,525.5862614,171.5715548,,0.190072738,0.610602982,0.19932428
333,649.6,110.6666667,,0.000001801,1915.65714,1211.237557,10.65965403,0.526078983,0.562369591,0.444722968,4.178888891,,,,,163.2671239,523.5894343,170.8190882,,0.190359986,0.610474876,0.199165138
334,649.4,111,,0.000001795,1912.88951,1211.243486,10.65967143,0.524897513,0.561699436,0.444075321,4.15897005,,,,,162.900458,522.9654922,170.5703255,,0.190207331,0.610629777,0.199162892
335,650,111.3333333,,0.000001792,1909.75355,1211.251254,10.65969421,0.523710073,0.561145394,0.442630968,4.145238957,,,,,162.5319394,522.4496561,170.0155463,,0.190096471,0.611054272,0.198849257
336,650.4,111.6666667,,0.000001791,1904.43225,1211.24418,10.65967346,0.523184276,0.559687165,0.440240456,4.131357871,,,,,162.3687598,521.0919843,169.0973453,,0.190448911,0.611209947,0.198341142
337,650.1,112,,0.000001786,1916.18125,1211.249497,10.65968906,0.527266446,0.563077379,0.442339149,4.145258805,,,,,163.6356497,524.2484143,169.903458,,0.190764782,0.611163488,0.198071729
338,649.1,112.3333333,,0.000001788,1905.04047,1211.27139,10.65975328,0.524295496,0.55953951,0.440413551,4.125847579,,,,,162.7136238,520.9545114,169.1638315,,0.190792126,0.610852468,0.198355407
339,650,112.6666667,,0.000001784,1905.60912,1211.296798,10.65982782,0.525777948,0.559292889,0.440466269,4.117932675,,,,,163.1736986,520.724897,169.1840806,,0.191275363,0.610403788,0.198320849
340,650.1,113,,0.000001784,1901.25978,1211.297394,10.65982956,0.525008769,0.558063659,0.438930527,4.108535974,,,,,162.934986,519.5804329,168.5941986,,0.191438309,0.610474165,0.198087526
341,651.2,113.3333333,,0.000001778,1907.41628,1211.29416,10.65982008,0.526288853,0.560294945,0.439562131,4.107966234,,,,,163.3322565,521.6578528,168.8367991,,0.191294342,0.610964409,0.197741249
342,649.7,113.6666667,,0.000001774,1913.65934,1211.31705,10.65988722,0.52792245,0.562391233,0.440354129,4.112217481,,,,,163.8392387,523.6095839,169.1410073,,0.191269185,0.61127224,0.197458575
343,650.8,114,,0.000001771,1911.63215,1211.314029,10.65987836,0.528119619,0.561859749,0.439008545,4.100904297,,,,,163.9004295,523.1147502,168.6241655,,0.191553171,0.61137295,0.19707388
344,649.6,114.3333333,,0.000001773,1900.40924,1211.313564,10.659877,0.525309941,0.558585897,0.436093089,4.081430911,,,,,163.0284539,520.0666581,167.5043323,,0.191663015,0.611411942,0.196925043
345,650.9,114.6666667,,0.000001771,1896.47596,1211.307422,10.65985898,0.52346505,0.557942164,0.434468613,4.068368484,,,,,162.4558972,519.467316,166.8803675,,0.191393982,0.61199944,0.196606578
346,649.6,115,,0.000001767,1902.1783,1211.320169,10.65989637,0.524717197,0.559912988,0.435258396,4.071427644,,,,,162.8444975,521.3022349,167.1837249,,0.191282358,0.612338288,0.196379354
347,650.2,115.3333333,,0.000001763,1909.55405,1211.345521,10.65997074,0.531050794,0.560811224,0.436501144,4.078047741,,,,,164.8101114,522.1385299,167.6610672,,0.192848396,0.610967234,0.19618437
348,649.7,115.6666667,,0.000001765,1904.20638,1211.357157,10.66000487,0.522992713,0.5616922,0.434552946,4.071279658,,,,,162.3093088,522.9587552,166.91276,,0.190463461,0.613671114,0.195865426
349,650.4,116,,0.000001759,1902.67405,1211.344204,10.65996688,0.531062729,0.558521338,0.433893673,4.054131209,,,,,164.8138154,520.006551,166.6595317,,0.193561605,0.610709134,0.195729262
350,650.3,116.3333333,,0.000000634,3168.11639,1211.353122,10.65999304,0.87372009,0.933115669,0.723541682,2.433106669,,,,,271.1565579,868.7694233,277.9139808,,0.191246237,0.612741527,0.196012236
351,649.6,116.6666667,,0.000001757,1898.50239,1211.364767,10.66002719,0.527876745,0.558045199,0.432735189,4.040711535,,,,,163.8250543,519.5632458,166.2145554,,0.192825452,0.611536605,0.195637943
352,649.6,117,,0.000000632,3162.74623,1211.352638,10.65999162,0.872920779,0.932291067,0.719580373,2.421319026,,,,,270.908494,868.0016846,276.3924331,,0.19141383,0.613297593,0.195288577
353,649.7,117.3333333,,0.000001757,1892.22704,1211.390467,10.66010258,0.521505209,0.558370093,0.429562074,4.027440728,,,,,161.8476661,519.8657356,164.9957548,,0.191149068,0.613983836,0.194867096
354,648.4,117.6666667,,0.000000632,3154.7316,1211.381246,10.66007553,0.86945764,0.930783474,0.716540332,2.415240264,,,,,269.8337186,866.598053,275.2247466,,0.191146865,0.613887332,0.194965803
355,649.6,118,,0.00000063,3155.71782,1211.390065,10.6601014,0.879430222,0.92856644,0.71474837,2.408367286,,,,,272.9286812,864.5339023,274.53645,,0.193292399,0.612276554,0.194431047
356,649.7,118.3333333,,0.00000063,3155.14664,1211.408271,10.6601548,0.87896448,0.928935419,0.713410779,2.407967563,,,,,272.7841395,864.8774371,274.0226783,,0.19323311,0.612656431,0.194110459
357,650,118.6666667,,0.000000629,3152.05362,1211.408707,10.66015609,0.876077669,0.928633699,0.712895142,2.401789451,,,,,271.8882259,864.5965232,273.8246209,,0.192786229,0.613054512,0.194159258
358,652.8,119,,0.000001057,2430.41121,1211.412278,10.66016656,0.677237742,0.715927924,0.54835871,3.11205109,,,,,210.1788171,666.5586168,210.6258088,,0.193292185,0.613004551,0.193703264
359,652,119.3333333,,0.00000099,2503.44815,1211.431408,10.66022267,0.696757249,0.738000568,0.564057817,3.002428159,,,,,216.2366409,687.1091647,216.655871,,0.19306814,0.613489407,0.193442452
360,650.2,119.6666667,,0.000000993,2481.65301,1211.472344,10.66034275,0.690500838,0.732371332,0.557112304,2.985408812,,,,,214.2949814,681.8681123,213.9880839,,0.193032252,0.614211943,0.192755805
361,649.7,120,,0.000000992,2485.1818,1211.4332,10.66022793,0.689577289,0.733873299,0.558389498,2.986546686,,,,,214.0083606,683.2665059,214.478657,,0.192496229,0.61458452,0.192919251
362,650,120.3333333,,0.000000995,2477.86168,1211.430336,10.66021953,0.687330128,0.731955343,0.556267782,2.986748023,,,,,213.3109605,681.4808093,213.6637011,,0.19243981,0.614802152,0.192758037
363,650.2,120.6666667,,0.000000992,2481.15782,1211.434735,10.66023243,0.689029285,0.732551716,0.557329173,2.98171468,,,,,213.8382891,682.0360573,214.0713838,,0.192656527,0.614476941,0.192866532
364,650.2,121,,0.00000099,2469.58413,1211.41724,10.66018112,0.686660374,0.729403719,0.553199076,2.961779824,,,,,213.1031043,679.1051414,212.4850043,,0.192907039,0.614745443,0.192347518
365,648.6,121.3333333,,0.000000991,2478.36946,1211.431782,10.66022377,0.690186279,0.731169393,0.556467484,2.975354152,,,,,214.1973589,680.7490572,213.7404071,,0.193199156,0.614013843,0.192787
366,650.5,121.6666667,,0.000000975,2491.99705,1211.428385,10.66021381,0.771451438,0.708118606,0.562994297,2.943404064,,,,,239.4177711,659.2878176,216.2473706,,0.214733518,0.591314469,0.193952013
367,650,122,,0.000000998,2457.58909,1211.446449,10.66026679,0.677844894,0.728567595,0.548067392,2.971283101,,,,,210.367245,678.3266752,210.5139129,,0.191380773,0.617105023,0.191514204
368,650.2,122.3333333,,0.000000974,2470.54662,1211.473951,10.66034746,0.765975324,0.702217913,0.556529188,2.915184799,,,,,237.7182746,653.7940275,213.7641077,,0.21507586,0.591520837,0.193403302
369,650.1,122.6666667,,0.000000976,2463.7314,1211.456594,10.66029655,0.764270092,0.700369355,0.554370205,2.913070762,,,,,237.1890607,652.0729432,212.9348375,,0.215196643,0.591612059,0.193191297
370,649.9,123,,0.000000952,2518.20814,1211.467269,10.66032786,0.781484207,0.716069627,0.565741673,2.904291854,,,,,242.5314126,666.6905482,217.3026439,,0.215291714,0.591811795,0.192896492
371,649.8,123.3333333,,0.000000979,2494.77934,1211.437793,10.6602414,0.690075487,0.739630953,0.554428228,2.958802309,,,,,214.1629749,688.6271208,212.9571243,,0.191945784,0.617189188,0.190865028
372,650.6,123.6666667,,0.000000977,2495.36563,1211.447243,10.66026912,0.690180024,0.73998753,0.554104121,2.953474725,,,,,214.1954177,688.9591088,212.8326341,,0.191933586,0.617353974,0.19071244
373,650.5,124,,0.000000997,2457.51061,1211.444994,10.66026252,0.684219652,0.727912179,0.543882304,2.96820751,,,,,212.3456331,677.7164557,208.9064113,,0.193222675,0.61668415,0.190093175
374,650.1,124.3333333,,0.000000643,3069.45875,1211.448661,10.66027328,0.859465615,0.90758404,0.679215375,2.390990159,,,,,266.7327219,844.9984169,260.888147,,0.194323892,0.615610188,0.19006592
375,649.4,124.6666667,,0.000000645,3069.55665,1211.441299,10.66025168,0.852295249,0.910247306,0.678583945,2.398489063,,,,,264.5074191,847.4780281,260.6456133,,0.19270103,0.617411373,0.189887597
376,649.8,125,,0.000000644,3065.78632,1211.430491,10.66021998,0.851297427,0.909552738,0.676528404,2.391807645,,,,,264.1977479,846.8313564,259.8560754,,0.192720551,0.617725955,0.189553494
377,649,125.3333333,,0.000000642,3062.81058,1211.434905,10.66023293,0.857664293,0.906259157,0.675907924,2.382074004,,,,,266.1736867,843.7648958,259.6177476,,0.194350302,0.616086303,0.189563395
378,650.3,125.6666667,,0.000000642,3059.95113,1211.452437,10.66028436,0.854976874,0.906561297,0.673833991,2.379884533,,,,,265.3396538,844.0462007,258.8211453,,0.19393239,0.61689949,0.18916812
379,650,126,,0.000000642,3059.7581,1211.4473,10.66026929,0.856100684,0.905916689,0.67433283,2.379724313,,,,,265.6884251,843.4460439,259.0127505,,0.194195786,0.616487781,0.189316432
380,650,126.3333333,,0.000000643,3055.58772,1211.45888,10.66030325,0.848317008,0.907617133,0.671386656,2.380205237,,,,,263.2727833,845.0292278,257.8811185,,0.192706803,0.618532911,0.188760286
381,650,126.6666667,,0.000000643,3059.51145,1211.44934,10.66027527,0.854821096,0.907063235,0.672011155,2.38324293,,,,,265.2913086,844.5135258,258.1209899,,0.193936911,0.617367924,0.188695166
382,649.6,127,,0.000000644,3055.1614,1211.472933,10.66034447,0.849092781,0.907653373,0.670012368,2.383602,,,,,263.5135422,845.0629688,257.3532514,,0.192918808,0.618672345,0.188408847
383,650.6,127.3333333,,0.000000643,3053.92664,1211.45764,10.66029962,0.848996127,0.90778536,0.668127358,2.378908876,,,,,263.4835459,845.1858541,256.6292148,,0.19298602,0.61904835,0.18796563
384,649.4,127.6666667,,0.000000645,3054.0677,1211.467942,10.66032983,0.839283215,0.91116372,0.667920051,2.386438797,,,,,260.4691712,848.3312475,256.5495877,,0.190770989,0.621328775,0.187900235
,,,,0.000000645,3055.86625,1211.474197,10.66034818,0.853207778,0.907843687,0.666590353,,,,,,,,,,,,